Service	Total	City	State	Country	Continent	1	0
W_S	4	Lome	N/A	Togo	Africa	6.13	1.22
W_S	5	Willemstad	N/A	Curacao	Central America and Carribean	12.122	-68.882
W_S	3	Nellore	N/A	India	Asia	14.43	79.97
W_S	51	Surat	N/A	India	Asia	20.97	72.9
W_S	49	Dammam	N/A	Saudi Arabia	Asia	26.43	50.11
W_S	16	Stockton	CA	United States	North America	37.974	-121.319
W_S	27	Randburg	N/A	South Africa	Africa	-26.1	27.98
W_S	4	Saga	41	Japan	Asia	33.25	130.3
W_S	7	Sanford	NC	United States	North America	35.477	-79.172
W_S	8	Fargo	ND	United States	North America	46.877	-96.789
W_S	33	Voronezh	N/A	Russian Federation	Europe	51.67	39.17
H_N/A	98	Osaka	27	Japan	Asia	34.67	135.5
W_S	2720	Osaka	27	Japan	Asia	34.67	135.5
W_S	164	Bedok	N/A	Singapore	Asia	1.33	103.94
W_S	163	Bristol	EN	United Kingdom	Europe	51.45	-2.58
W_S	6	Belmopan	N/A	Belize	Central America and Carribean	17.25	-88.77
W_S	54	Florianopolis	SC	Brazil	South America	-27.58	-48.57
W_S	6	Ayerrajah	N/A	Singapore	Asia	1.3	103.78
W_S	6601	Tokyo	13	Japan	Asia	35.69	139.75
H_N/A	224	Tokyo	13	Japan	Asia	35.69	139.75
W_S	26	Vitoria	ES	Brazil	South America	-20.32	-40.35
H_N/A	20	Newyork	NY	United States	North America	40.741	-74
W_S	5535	Newyork	NY	United States	North America	40.741	-74
W_S	10	Tacarigua	N/A	Trinidad and Tobago	Central America and Carribean	10.63	-61.37
W_S	180	Melrosepark	IL	United States	North America	41.918	-87.898
H_N/A	53	Atlanta	GA	United States	North America	33.779	-84.336
W_S	1844	Atlanta	GA	United States	North America	33.779	-84.336
W_S	10	Hagatna	N/A	Guam	Oceania	13.474	144.748
W_S	8	Steinkjer	N/A	Norway	Europe	64.02	11.5
W_S	3	Yellowknife	NT	Canada	North America	62.45	-114.35
W_S	4	Kajaani	N/A	Finland	Europe	64.23	27.68
W_S	394	Montreal	QC	Canada	North America	45.5	-73.58
W_S	138	Isando	N/A	South Africa	Africa	-26.15	28.2
W_S	4	Ellijay	GA	United States	North America	34.669	-84.446
W_S	5	Maceio	RJ	Brazil	South America	-22.91	-43.06
W_S	12	Sullivan	MO	United States	North America	38.264	-91.135
W_S	75	Wokingham	EN	United Kingdom	Europe	51.42	-0.83
H_N/A	94	Kowloon	N/A	Hong Kong	Asia	22.32	114.18
W_S	798	Kowloon	N/A	Hong Kong	Asia	22.32	114.18
W_S	12	Morelia	N/A	Mexico	North America	19.7	-101.12
W_S	6	Pontianak	N/A	Indonesia	Asia	-0.03	109.33
W_S	24	Lelamentin	N/A	Martinique	Central America and Carribean	14.6	-61
W_S	71	Nonthaburi	N/A	Thailand	Asia	13.83	100.48
W_S	64	Reynosa	N/A	Mexico	North America	26.08	-98.28
W_S	4	Mcminnville	TN	United States	North America	35.662	-85.773
W_S	6	Maceio	AL	Brazil	South America	-9.67	-35.72
W_S	16	Palmerton	PA	United States	North America	40.831	-75.568
W_S	12	Sacramento	CA	United States	North America	38.585	-121.488
W_S	10	Macau	N/A	Macau	Asia	22.2	113.55
W_S	19	Goteborg	N/A	Sweden	Europe	57.72	11.97
W_S	16	Cheyenne	WY	United States	North America	41.08	-104.883
W_S	5	Odesa	N/A	Ukraine	Europe	46.47	30.73
W_S	32	Arica	N/A	Chile	South America	-18.48	-70.33
W_S	3	Lajeado	RS	Brazil	South America	-29.45	-51.97
W_S	5	Lusaka	N/A	Zambia	Africa	-15.42	28.28
W_S	132	Brecksville	OH	United States	North America	41.305	-81.618
W_S	6	Monthey	N/A	Switzerland	Europe	46.25	6.95
W_S	3	Icara	SC	Brazil	South America	-28.7	-49.3
W_S	170	Kwaichung	N/A	Hong Kong	Asia	22.35	114.13
W_S	5	Baltimore	MD	United States	North America	39.294	-76.623
W_S	24	Harrison	NJ	United States	North America	40.744	-74.152
W_S	6	Bemidji	MN	United States	North America	47.527	-94.761
W_S	26	Hatyai	N/A	Thailand	Asia	7.02	100.47
W_S	20	Americana	SP	Brazil	South America	-22.74	-47.33
H_N/A	138	Losangeles	CA	United States	North America	34.053	-118.265
W_S	2451	Losangeles	CA	United States	North America	34.053	-118.265
W_S	33	Jerusalem	N/A	Israel	Asia	31.77	35.23
W_S	1120	Manchester	EN	United Kingdom	Europe	53.5	-2.22
W_S	175	Saintpetersburg	N/A	Russian Federation	Europe	59.89	30.26
W_S	70	Chandigarh	N/A	India	Asia	30.75	76.8
W_S	104	Lausanne	N/A	Switzerland	Europe	46.53	6.67
W_S	12	Niigata	15	Japan	Asia	37.92	139.05
H_N/A	30	Elsegundo	CA	United States	North America	33.918	-118.404
W_S	710	Elsegundo	CA	United States	North America	33.918	-118.404
W_S	13	Aarnes	N/A	Norway	Europe	60.15	11.47
W_S	764	Manassas	VA	United States	North America	38.788	-77.533
H_N/A	42	Manassas	VA	United States	North America	38.788	-77.533
W_S	6	Suratthani	N/A	Thailand	Asia	9.13	99.32
W_S	10	Petalingjaya	N/A	Malaysia	Asia	3.08	101.65
W_S	3	Conselheirolafaiete	MG	Brazil	South America	-20.67	-43.8
W_S	264	Burbank	CA	United States	North America	34.205	-118.334
H_N/A	10	Burbank	CA	United States	North America	34.205	-118.334
W_S	10	Coventry	EN	United Kingdom	Europe	52.42	-1.55
W_S	12	Erbil	N/A	Iraq	Asia	36.1	44
H_N/A	10	Riodejaneiro	RJ	Brazil	South America	-22.9	-43.23
W_S	701	Riodejaneiro	RJ	Brazil	South America	-22.9	-43.23
W_S	3	Tamuning	N/A	Guam	Oceania	13.484	144.777
W_S	5	Saarbrucken	SL	Germany	Europe	49.23	7
W_S	71	Fuzhou	N/A	China	Asia	26.08	119.3
W_S	4	Conway	AR	United States	North America	35.082	-92.366
W_S	97	Uberlandia	MG	Brazil	South America	-18.92	-48.3
W_S	3	Resende	RJ	Brazil	South America	-22.47	-44.45
W_S	8	Campogrande	MS	Brazil	South America	-20.45	-54.62
W_S	35	Visakhapatnam	N/A	India	Asia	17.7	83.3
W_S	6	Khonkaen	N/A	Thailand	Asia	16.43	102.83
W_S	74	Northampton	EN	United Kingdom	Europe	52.25	-0.88
W_S	3	Saintgeorges	N/A	Grenada	Central America and Carribean	12.05	-61.75
W_S	28	Umea	N/A	Sweden	Europe	63.83	20.25
W_S	22	Reykjavik	N/A	Iceland	Europe	64.15	-21.95
W_S	24	Akron	OH	United States	North America	41.085	-81.51
W_S	7	Sanfrancisco	CA	United States	North America	37.773	-122.411
W_S	168	Katy	TX	United States	North America	29.839	-95.738
W_S	5	Rapidcity	SD	United States	North America	44.07	-103.324
W_S	118	Minneapolis	MN	United States	North America	44.976	-93.217
W_S	85	Madisonheights	MI	United States	North America	42.508	-83.103
W_S	38	Lahti	N/A	Finland	Europe	60.97	25.67
W_S	86	Masqat	N/A	Oman	Asia	23.61	58.59
W_S	4	Corrimal	NSW	Australia	Oceania	-34.37	150.9
W_S	9	Tegucigalpa	N/A	Honduras	Central America and Carribean	14.1	-87.22
W_S	4	Soka	11	Japan	Asia	35.82	139.81
W_S	4	Maumee	OH	United States	North America	41.574	-83.686
W_S	74	Sanjose	N/A	Costa Rica	Central America and Carribean	9.93	-84.08
W_S	3	Saosebastiaodoparaiso	MG	Brazil	South America	-20.917	-46.991
W_S	1263	Taipei	N/A	Taiwan, Province of China	Asia	25.02	121.45
W_S	17	Boise	ID	United States	North America	43.629	-116.288
W_S	1	Petrolina	PE	Brazil	South America	-9.39	-40.5
W_S	180	Fatih	N/A	Turkey	Asia	41.02	28.94
W_S	174	Hialeah	FL	United States	North America	25.832	-80.279
W_S	6	Tochigi	09	Japan	Asia	36.38	139.73
W_S	6	Nicaragua	N/A	Nicaragua	Central America and Carribean	11.43	-85.83
W_S	24	Ikoma	29	Japan	Asia	34.68	135.7
W_S	4	Bujumbura	N/A	Burundi	Africa	-3.38	29.36
W_S	3	Saipan	N/A	Northern Mariana Islands	Oceania	15.183	145.75
W_S	3	Jakobstad	N/A	Finland	Europe	63.67	22.7
H_N/A	72	Sydney	NSW	Australia	Oceania	-33.88	151.22
W_S	2231	Sydney	NSW	Australia	Oceania	-33.88	151.22
W_S	3	Vitoriadesantoantao	PE	Brazil	South America	-8.12	-35.3
W_S	4	Nagasaki	42	Japan	Asia	32.8	129.92
W_S	9	Acoruna	N/A	Spain	Europe	43.37	-8.38
W_S	3	Warragul	VIC	Australia	Oceania	-38.17	145.93
W_S	217	Jaipur	N/A	India	Asia	26.89	75.79
W_S	16	Tacoma	WA	United States	North America	47.207	-122.481
W_S	58	Shaoxing	N/A	China	Asia	30	120.58
W_S	26	Nicosia	N/A	Cyprus	Europe	35.17	33.37
W_S	12	Stuttgart	BW	Germany	Europe	48.77	9.18
W_S	6	Sannicolasdelosgarza	N/A	Mexico	North America	25.75	-100.3
W_S	302	Prague	N/A	Czech Republic	Europe	50.08	14.47
W_S	24	Malaga	N/A	Spain	Europe	36.72	-4.42
W_S	28	Takamatsu	37	Japan	Asia	34.33	134.05
W_S	12	Rochester	NH	United States	North America	43.325	-70.944
W_S	101	Pittsburgh	PA	United States	North America	40.443	-79.953
W_S	71	Jingdezhen	N/A	China	Asia	29.29	117.2
W_S	10	Kurashiki	33	Japan	Asia	34.58	133.77
W_S	3	Larioja	N/A	Argentina	South America	-29.43	-66.85
W_S	5	Fotan	N/A	Hong Kong	Asia	22.4	114.2
W_S	5	Brno	N/A	Czech Republic	Europe	49.2	16.63
W_S	17	Piscataway	NJ	United States	North America	40.547	-74.463
W_S	46	Madison	WI	United States	North America	43.076	-89.411
W_S	97	Kansascity	MO	United States	North America	39.084	-94.585
W_S	3	Chichiri	N/A	Malawi	Africa	-15.8	35.05
W_S	30	Elpaso	TX	United States	North America	31.76	-106.48
W_S	48	Madurai	N/A	India	Asia	9.93	78.12
W_S	100	Salvador	BA	Brazil	South America	-12.98	-38.52
W_S	12	Leon	N/A	Mexico	North America	21.12	-101.67
H_N/A	20	Newyork	NY	United States	North America	40.739	-73.983
W_S	403	Mexicocity	N/A	Mexico	North America	19.47	-99.15
W_S	3	Bogor	N/A	Indonesia	Asia	-6.15	106.98
W_S	17	Vijayawada	N/A	India	Asia	16.52	80.62
W_S	14	Montgomery	AL	United States	North America	32.392	-86.319
W_S	3	Belfordroxo	RJ	Brazil	South America	-22.76	-43.4
W_S	7	Cuiaba	MT	Brazil	South America	-15.58	-56.08
W_S	11	Santarosa	CA	United States	North America	38.394	-122.743
W_S	2946	Dallas	TX	United States	North America	32.842	-96.702
W_S	3	Queenstown	MD	United States	North America	38.974	-76.131
W_S	284	Somerset	NJ	United States	North America	40.501	-74.532
H_N/A	20	Somerset	NJ	United States	North America	40.501	-74.532
W_S	1	Staines	EN	United Kingdom	Europe	51.43	-0.52
W_S	3	Jackson	TN	United States	North America	35.588	-88.864
W_S	156	Glasgow	SC	United Kingdom	Europe	55.83	-4.25
W_S	50	Malmo	N/A	Sweden	Europe	55.6	13
W_S	6	Forde	N/A	Norway	Europe	59.61	5.47
W_S	90	Bekasi	N/A	Indonesia	Asia	-6.23	106.98
W_S	290	Nagpur	N/A	India	Asia	21.15	79.1
W_S	5371	Ashburn	VA	United States	North America	39.033	-77.491
H_N/A	195	Ashburn	VA	United States	North America	39.033	-77.491
W_S	5	Campinagrande	PB	Brazil	South America	-7.22	-35.88
W_S	96	Leicester	EN	United Kingdom	Europe	52.63	-1.13
W_S	16	Kursk	N/A	Russian Federation	Europe	51.73	36.19
W_S	6	Numazu	22	Japan	Asia	35.1	138.87
W_S	16	Pampanga	N/A	Philippines	Asia	15.18	120.54
W_S	38	Siouxfalls	SD	United States	North America	43.52	-96.793
W_S	287	Surabaya	N/A	Indonesia	Asia	-7.26	112.73
W_S	35	Carlisle	EN	United Kingdom	Europe	54.88	-2.93
W_S	12	Bergen	N/A	Norway	Europe	60.39	5.32
W_S	8	Desamparados	N/A	Costa Rica	Central America and Carribean	9.895	-84.056
W_S	106	Cebu	N/A	Philippines	Asia	10.31	123.89
W_S	78	Houston	TX	United States	North America	29.763	-95.363
W_S	9	Antananarivo	N/A	Madagascar	Africa	-18.92	47.52
W_S	1493	Munich	BY	Germany	Europe	48.15	11.58
W_S	118	Etobicoke	ON	Canada	North America	43.7	-79.57
W_S	3	Orono	ME	United States	North America	45.087	-68.65
W_S	3	Anapolis	GO	Brazil	South America	-16.33	-48.97
H_N/A	10	Ballerup	N/A	Denmark	Europe	55.73	12.37
W_S	381	Ballerup	N/A	Denmark	Europe	55.73	12.37
W_S	14	Saojosedoscampos	SP	Brazil	South America	-23.18	-45.88
W_S	72	Belgrade	N/A	Serbia	Europe	44.81	20.47
W_S	3	Piracicaba	SP	Brazil	South America	-22.72	-47.63
W_S	687	Newark	NJ	United States	North America	40.736	-74.173
W_S	5	Idahofalls	ID	United States	North America	43.525	-112.144
W_S	1055	Berlin	BE	Germany	Europe	52.52	13.4
W_S	1	Reston	VA	United States	North America	38.96	-77.337
W_S	32	Baku	N/A	Azerbaijan	Asia	40.37	49.89
W_S	13	Saintjohn	NB	Canada	North America	45.27	-66.07
W_S	6	Duffield	VA	United States	North America	36.709	-82.81
W_S	95	Amman	N/A	Jordan	Asia	31.95	35.93
W_S	26	Danang	N/A	Viet Nam	Asia	21.72	105.35
W_S	9	Cuenca	N/A	Ecuador	South America	-2.88	-78.98
H_N/A	8	Alwernia	N/A	Poland	Europe	50.07	19.53
W_S	74	Nanterre	N/A	France	Europe	48.9	2.2
W_S	9	Byroncenter	MI	United States	North America	42.798	-85.738
W_S	711	Bangkok	N/A	Thailand	Asia	13.75	100.52
W_S	78	Sandiego	CA	United States	North America	32.807	-117.169
W_S	62	Canberra	ACT	Australia	Oceania	-35.28	149.22
W_S	8	Trujillo	N/A	Peru	South America	-8.12	-79.03
W_S	8	Djibouti	N/A	Djibouti	Africa	11.6	43.15
W_S	22	Karawaci	N/A	Indonesia	Asia	-6.2	106.62
W_S	30	Beirut	N/A	Lebanon	Asia	33.87	35.51
W_S	28	Birk	N/A	Denmark	Europe	56.13	9.05
W_S	26	Hiroshima	34	Japan	Asia	34.4	132.45
W_S	3	Bentogoncalves	RS	Brazil	South America	-29.17	-51.52
W_S	16	Augusta	GA	United States	North America	33.471	-82.085
W_S	25	Raipur	N/A	India	Asia	21.248	81.616
W_S	3	Johnston	IA	United States	North America	41.689	-93.718
W_S	3	Pyatigorsk	N/A	Russian Federation	Europe	44.04	43.05
W_S	6	Maringa	PR	Brazil	South America	-23.42	-51.92
W_S	9	Cork	N/A	Ireland	Europe	51.9	-8.5
W_S	190	Albertslund	N/A	Denmark	Europe	55.65	12.35
W_S	6	Victoria	N/A	Seychelles	Africa	-4.62	55.45
W_S	3	Mendoza	N/A	Argentina	South America	-32.88	-68.82
W_S	39	Caracas	N/A	Venezuela	South America	10.5	-66.92
W_S	5	Conroe	TX	United States	North America	30.312	-95.456
W_S	3	Carbondale	PA	United States	North America	41.595	-75.541
W_S	94	Pune	N/A	India	Asia	18.53	73.87
W_S	23	Mountwaverley	VIC	Australia	Oceania	-37.88	145.13
W_S	3	Macae	RJ	Brazil	South America	-22.38	-41.78
W_S	10	Guntur	N/A	India	Asia	16.3	80.45
W_S	50	Cancun	N/A	Mexico	North America	21.17	-86.83
W_S	3	Westjefferson	OH	United States	North America	39.941	-83.309
W_S	3	Monaco	N/A	Monaco	Europe	43.73	7.42
W_S	24	Secunderabad	N/A	India	Asia	17.45	78.5
W_S	34	Deyang	N/A	China	Asia	31.13	104.4
W_S	4	Kiel	SH	Germany	Europe	54.33	10.13
W_S	4	Taubate	SP	Brazil	South America	-23.03	-45.55
W_S	10	Norwich	EN	United Kingdom	Europe	52.63	1.3
W_S	279	Kiev	N/A	Ukraine	Europe	50.43	30.52
W_S	467	Oslo	N/A	Norway	Europe	59.92	10.75
W_S	54	Ambala	N/A	India	Asia	30.35	76.83
H_N/A	24	Hemelhempstead	EN	United Kingdom	Europe	51.75	-0.47
W_S	36	Hemelhempstead	EN	United Kingdom	Europe	51.75	-0.47
W_S	4	Thimphu	N/A	Bhutan	Asia	27.48	89.6
W_S	3	Benavidez	N/A	Argentina	South America	-34.41	-58.71
W_S	36	Swindon	EN	United Kingdom	Europe	51.52	-1.78
W_S	1	Locarno	N/A	Switzerland	Europe	46.17	8.8
W_S	8	Xuzhou	N/A	China	Asia	34.27	117.19
W_S	12	Oklahomacity	OK	United States	North America	35.475	-97.504
W_S	3	Cayenne	N/A	French Guiana	South America	4.93	-52.33
W_S	6	Pattaya	N/A	Thailand	Asia	12.93	100.88
W_S	4	Ulsan	N/A	South Korea	Asia	35.54	129.32
W_S	10	Luanda	N/A	Angola	Africa	-8.82	13.23
W_S	21	Phoenix	AZ	United States	North America	33.438	-112.021
W_S	7	Saoluis	MA	Brazil	South America	-2.52	-44.27
W_S	97	Makati	N/A	Philippines	Asia	14.57	121.03
W_S	88	Edenprairie	MN	United States	North America	44.866	-93.43
H_N/A	10	Newdelhi	N/A	India	Asia	28.6	77.2
W_S	735	Newdelhi	N/A	India	Asia	28.6	77.2
W_S	52	Dortmund	NW	Germany	Europe	51.52	7.45
W_S	47	Norderstedt	SH	Germany	Europe	53.7	10.02
W_S	6	Nuuk	N/A	Greenland	North America	64.167	-51.75
W_S	10	Kaiserslautern	RP	Germany	Europe	49.45	7.75
W_S	15	Xiaogan	N/A	China	Asia	30.92	113.9
W_S	26	Khabarovsk	N/A	Russian Federation	Europe	48.5	135.1
W_S	4	Matsusaka	24	Japan	Asia	34.57	136.53
W_S	11	Lviv	N/A	Ukraine	Europe	49.83	24
W_S	24	Lucena	N/A	Philippines	Asia	13.93	121.62
W_S	3	Eastlansing	MI	United States	North America	42.755	-84.461
W_S	92	Riga	N/A	Latvia	Europe	56.95	24.1
W_S	3	Canyonlake	TX	United States	North America	29.881	-98.239
W_S	329	Christchurch	N/A	New Zealand	Oceania	-43.53	172.63
W_S	19	Osasco	SP	Brazil	South America	-23.57	-46.78
W_S	3	Perham	MN	United States	North America	46.628	-95.602
W_S	140	Okayama	33	Japan	Asia	34.65	133.92
W_S	3	Galesburg	MI	United States	North America	42.313	-85.432
H_N/A	20	Sterling	VA	United States	North America	38.964	-77.468
W_S	782	Sterling	VA	United States	North America	38.964	-77.468
W_S	200	Minneapolis	MN	United States	North America	44.975	-93.258
W_S	132	Kanpur	N/A	India	Asia	26.47	80.35
W_S	3	Astana	N/A	Kazakhstan	Asia	51.17	71.5
W_S	22	Lasalle	QC	Canada	North America	45.42	-73.65
W_S	17	Vilnius	N/A	Lithuania	Europe	54.68	25.32
W_S	3	Minnetonka	MN	United States	North America	44.916	-93.484
W_S	11	Kristiansund	N/A	Norway	Europe	63.12	7.75
W_S	3	Aktobe	N/A	Kazakhstan	Asia	50.3	57.155
W_S	6	Kanazawa	17	Japan	Asia	36.57	136.65
W_S	3	Caxiasdosul	RS	Brazil	South America	-29.17	-51.18
W_S	264	Selangor	N/A	Malaysia	Asia	3.35	101.25
W_S	31	Omaha	NE	United States	North America	41.238	-95.931
H_N/A	34	Bangalore	N/A	India	Asia	12.98	77.58
W_S	827	Bangalore	N/A	India	Asia	12.98	77.58
W_S	468	Ahmadabad	N/A	India	Asia	23.03	72.62
W_S	687	Warsaw	N/A	Poland	Europe	52.25	21
W_S	18	Mississauga	ON	Canada	North America	43.15	-79.5
W_S	54	Shahalam	N/A	Malaysia	Asia	3.08	101.53
W_S	5	Agat	N/A	Guam	Oceania	13.382	144.654
W_S	4	Macapa	AP	Brazil	South America	0.03	-51.05
W_S	8	Kingston	N/A	Jamaica	Central America and Carribean	18	-76.8
W_S	10	Parow	N/A	South Africa	Africa	-33.9	18.6
W_S	30	Cincinnati	OH	United States	North America	39.162	-84.457
W_S	9	Portauprince	N/A	Haiti	Central America and Carribean	18.54	-72.33
W_S	3	Itajai	SC	Brazil	South America	-26.88	-48.65
W_S	1942	Hongkong	N/A	Hong Kong	Asia	22.28	114.15
H_N/A	54	Hongkong	N/A	Hong Kong	Asia	22.28	114.15
W_S	15	Wilkesbarre	PA	United States	North America	41.244	-75.886
W_S	9	Lalitpur	N/A	Nepal	Asia	27.67	85.33
W_S	6	Bauru	SP	Brazil	South America	-22.32	-49.07
W_S	6	Jammu	N/A	India	Asia	32.73	74.87
W_S	12	Altoona	PA	United States	North America	40.554	-78.435
W_S	114	Ancol	N/A	Indonesia	Asia	-6.13	106.83
W_S	5	Manouba	N/A	Tunisia	Africa	36.8	10.1
W_S	41	Tbilisi	N/A	Georgia	Asia	41.72	44.78
W_S	3	Gainesboro	TN	United States	North America	36.348	-85.607
W_S	24	Mombasa	N/A	Kenya	Africa	-4.05	39.67
W_S	10	Thessaloniki	N/A	Greece	Europe	40.63	22.93
W_S	16	Foshan	N/A	China	Asia	23.03	113.12
W_S	7	Cedarfalls	IA	United States	North America	42.504	-92.494
W_S	142	Brentford	EN	United Kingdom	Europe	51.5	-0.32
W_S	22	Anchorage	AK	United States	North America	61.188	-149.889
W_S	16	Belgorod	N/A	Russian Federation	Europe	50.6	36.6
W_S	9	Kitchener	ON	Canada	North America	43.45	-80.5
W_S	4	Cordoba	N/A	Argentina	South America	-31.4	-64.18
W_S	69	Santos	SP	Brazil	South America	-23.95	-46.33
W_S	16	Nashville	TN	United States	North America	36.144	-86.733
W_S	3	Chapelhill	TN	United States	North America	35.639	-86.69
W_S	3	Puntaarenas	N/A	Chile	South America	-53.15	-70.92
W_S	3	Botelhos	MG	Brazil	South America	-21.65	-46.39
W_S	16	Cheboksary	N/A	Russian Federation	Europe	56.13	47.25
W_S	342	Secaucus	NJ	United States	North America	40.781	-74.065
W_S	12	Busan	N/A	South Korea	Asia	35.1	129.04
W_S	552	Birmingham	EN	United Kingdom	Europe	52.47	-1.92
W_S	8	Valetta	N/A	Malta	Europe	35.9	14.51
W_S	5	Columbia	MO	United States	North America	38.899	-92.239
W_S	12	Vientiane	N/A	Laos	Asia	17.97	102.6
W_S	8	Lages	SC	Brazil	South America	-27.8	-50.32
W_S	42	Payalebar	N/A	Singapore	Asia	1.35	103.89
W_S	3	Pelotas	RS	Brazil	South America	-31.77	-52.33
W_S	43	Linfen	N/A	China	Asia	36.09	111.52
W_S	28	Spanga	N/A	Sweden	Europe	59.38	17.92
W_S	4	Maxeville	N/A	France	Europe	48.72	6.17
H_N/A	168	Dallas	TX	United States	North America	32.785	-96.822
W_S	2398	Dallas	TX	United States	North America	32.785	-96.822
W_S	18	Indore	N/A	India	Asia	22.72	75.83
W_S	348	Taichung	N/A	Taiwan, Province of China	Asia	24.15	120.68
W_S	11	Male	N/A	Maldives	Asia	4.17	73.5
W_S	3	Golden	IL	United States	North America	40.143	-91.054
W_S	22	Puertomontt	N/A	Chile	South America	-41.47	-72.94
W_S	62	Arhus	N/A	Denmark	Europe	56.15	10.22
W_S	151	Nagoya	23	Japan	Asia	35.17	136.92
W_S	7	Longueuil	QC	Canada	North America	45.53	-73.52
W_S	55	Capetown	N/A	South Africa	Africa	-33.92	18.42
W_S	10	Tirana	N/A	Albania	Europe	41.33	19.82
W_S	24	Bellville	N/A	South Africa	Africa	-33.9	18.63
W_S	144	Marietta	GA	United States	North America	33.931	-84.462
H_N/A	78	Marietta	GA	United States	North America	33.931	-84.462
W_S	4	Philipsburg	N/A	Sint Maarten	Central America and Carribean	18.03	-63.04
W_S	1	Aracatuba	SP	Brazil	South America	-21.2	-50.42
W_S	6	Monteria	N/A	Colombia	South America	8.78	-74.87
W_S	12	Fukui	18	Japan	Asia	36.07	136.22
W_S	3	Panguitch	UT	United States	North America	37.812	-112.47
W_S	26	Mcallen	TX	United States	North America	26.218	-98.24
W_S	20	Naperville	IL	United States	North America	41.801	-88.165
W_S	12	Littlerock	AR	United States	North America	34.809	-92.441
W_S	3	Faaa	N/A	French Polynesia	Oceania	-17.55	-149.6
W_S	23	Natal	RN	Brazil	South America	-5.78	-35.22
W_S	58	Brasov	N/A	Romania	Europe	45.63	25.58
W_S	5	Hamm	NW	Germany	Europe	51.68	7.8
W_S	1878	Seattle	WA	United States	North America	47.662	-122.296
W_S	10	Thane	N/A	India	Asia	19.2	72.97
W_S	4	Paramaribo	N/A	Suriname	South America	5.83	-55.17
W_S	276	Adelaide	SA	Australia	Oceania	-34.93	138.6
H_N/A	16	Adelaide	SA	Australia	Oceania	-34.93	138.6
W_S	38	Katowice	N/A	Poland	Europe	50.27	19.02
W_S	223	Calgary	AB	Canada	North America	51.08	-114.08
W_S	10	Sulaymaniyah	N/A	Iraq	Asia	35.56	45.44
H_N/A	47	Seoul	N/A	South Korea	Asia	37.57	127
W_S	987	Seoul	N/A	South Korea	Asia	37.57	127
W_S	9	Regina	SK	Canada	North America	50.45	-104.62
W_S	426	Cicero	IL	United States	North America	41.844	-87.758
W_S	15	Glostrup	N/A	Denmark	Europe	55.67	12.4
W_S	2455	Mumbai	N/A	India	Asia	18.98	72.83
H_N/A	69	Mumbai	N/A	India	Asia	18.98	72.83
W_S	188	Miltonkeynes	EN	United Kingdom	Europe	52.03	-0.7
W_S	12	Portlouis	N/A	Mauritius	Africa	-20.17	57.5
W_S	14	Suva	N/A	Fiji	Oceania	-18.13	178.42
H_N/A	668	Seattle	WA	United States	North America	47.615	-122.347
W_S	1143	Seattle	WA	United States	North America	47.615	-122.347
W_S	3	Siauliai	N/A	Lithuania	Europe	54.95	25.07
W_S	58	Ulaanbaatar	N/A	Mongolia	Asia	47.92	106.92
W_S	29	Denpasar	N/A	Indonesia	Asia	-8.65	115.22
W_S	3	Pagopago	N/A	American Samoa	Oceania	-14.27	-170.7
W_S	303	Hanoi	N/A	Viet Nam	Asia	21.03	105.85
W_S	9	Lafayette	IN	United States	North America	40.431	-86.875
W_S	12	Winterthur	N/A	Switzerland	Europe	47.5	8.75
W_S	3	Capaodacanoa	RS	Brazil	South America	-29.77	-50.02
W_S	39	Casablanca	N/A	Morocco	Africa	33.59	-7.62
W_S	781	Brisbane	QLD	Australia	Oceania	-27.5	153.02
H_N/A	6	Brisbane	QLD	Australia	Oceania	-27.5	153.02
W_S	35	Panamacity	N/A	Panama	Central America and Carribean	8.97	-79.53
W_S	45	Liverpool	EN	United Kingdom	Europe	53.42	-3
W_S	202	Glattbrugg	N/A	Switzerland	Europe	47.42	8.58
H_N/A	47	Glattbrugg	N/A	Switzerland	Europe	47.42	8.58
W_S	4	Batonrouge	LA	United States	North America	30.532	-91.119
W_S	191	Agra	N/A	India	Asia	27.18	78.02
W_S	12	Timbo	SC	Brazil	South America	-26.83	-49.3
W_S	8	Merida	N/A	Mexico	North America	20.97	-89.62
W_S	6	Daressalaam	N/A	Tanzania, United Republic of	Africa	-6.8	39.28
W_S	8	Jonesboro	AR	United States	North America	35.811	-90.74
W_S	3	Massillon	OH	United States	North America	40.793	-81.567
W_S	208	Fortaleza	CE	Brazil	South America	-3.72	-38.5
W_S	3	Ghaziabad	N/A	India	Asia	28.67	77.43
W_S	7	Sanisidro	N/A	Peru	South America	-12.12	-77.05
W_S	5	Topeka	KS	United States	North America	39.041	-95.727
W_S	3	Birkirkara	N/A	Malta	Europe	35.9	14.47
W_S	5	Greatfalls	MT	United States	North America	47.562	-111.325
W_S	5	Universitypark	PA	United States	North America	40.809	-77.887
W_S	9	Syracuse	NY	United States	North America	43.044	-76.151
W_S	151	Belohorizonte	MG	Brazil	South America	-19.92	-43.93
W_S	18	Sansalvador	N/A	El Salvador	Central America and Carribean	13.7	-89.2
W_S	6	Sumare	SP	Brazil	South America	-22.8	-47.28
W_S	203	Tampa	FL	United States	North America	27.958	-82.458
W_S	271	Palermo	N/A	Italy	Europe	38.12	13.37
W_S	3	Price	UT	United States	North America	39.559	-110.911
W_S	26	Barnaul	N/A	Russian Federation	Europe	53.36	83.75
W_S	3	Bragancapaulista	SP	Brazil	South America	-22.95	-46.57
W_S	11	Belem	PA	Brazil	South America	-1.45	-48.48
W_S	271	Philadelphia	PA	United States	North America	39.951	-75.15
W_S	3	Boulder	CO	United States	North America	40.015	-105.27
W_S	6	Criciuma	SC	Brazil	South America	-28.67	-49.38
W_S	57	Kingstonuponhull	EN	United Kingdom	Europe	53.72	-0.33
W_S	31	Franca	SP	Brazil	South America	-20.53	-47.4
W_S	24	Nizhninovgorod	N/A	Russian Federation	Europe	56.33	44
W_S	41	Quezoncity	N/A	Philippines	Asia	14.63	121.03
W_S	3	Riodosul	SC	Brazil	South America	-27.22	-49.65
W_S	6	Incheon	N/A	South Korea	Asia	37.45	126.73
W_S	40	Nairobi	N/A	Kenya	Africa	-1.28	36.82
W_S	5	Napier	N/A	New Zealand	Oceania	-39.48	176.92
W_S	3	Iowacity	IA	United States	North America	41.675	-91.57
W_S	9	Aberdeen	SC	United Kingdom	Europe	57.13	-2.1
W_S	10	Providence	RI	United States	North America	41.824	-71.413
W_S	5	Sumter	SC	United States	North America	33.924	-80.199
W_S	203	Queretaro	N/A	Mexico	North America	20.6	-100.38
W_S	13	Nurnberg	BY	Germany	Europe	49.45	11.07
H_N/A	10	Auckland	N/A	New Zealand	Oceania	-36.87	174.77
W_S	1102	Auckland	N/A	New Zealand	Oceania	-36.87	174.77
W_S	42	Saltlakecity	UT	United States	North America	40.792	-111.853
W_S	192	Mountprospect	IL	United States	North America	42.066	-87.934
H_N/A	14	Mountprospect	IL	United States	North America	42.066	-87.934
W_S	130	Doha	N/A	Qatar	Asia	25.29	51.53
W_S	3	Rosario	N/A	Argentina	South America	-32.95	-60.67
W_S	22	Luquillo	N/A	Puerto Rico	Central America and Carribean	18.374	-65.717
W_S	74	Sanjuan	N/A	Puerto Rico	Central America and Carribean	18.468	-66.106
W_S	10	Chattanooga	TN	United States	North America	35.046	-85.311
W_S	4	Darwin	NT	Australia	Oceania	-12.47	130.83
W_S	41	Austin	TX	United States	North America	30.284	-97.744
H_N/A	34	Lithiasprings	GA	United States	North America	33.766	-84.641
W_S	35	Lithiasprings	GA	United States	North America	33.766	-84.641
W_S	12	Manila	N/A	Philippines	Asia	14.58	121
W_S	194	Tucker	GA	United States	North America	33.855	-84.217
W_S	4	Kigali	N/A	Rwanda	Africa	-1.96	30.04
W_S	12	Okinawa	47	Japan	Asia	26.34	127.8
W_S	18	Toledo	OH	United States	North America	41.65	-83.67
W_S	28	Mohali	N/A	India	Asia	30.78	76.69
W_S	5	Coorparoo	QLD	Australia	Oceania	-27.5	153.05
W_S	10	Annarbor	MI	United States	North America	42.264	-83.72
H_N/A	244	Paris	N/A	France	Europe	48.87	2.33
W_S	2143	Paris	N/A	France	Europe	48.87	2.33
W_S	6	Edinburg	VA	United States	North America	38.847	-78.632
W_S	36	Islamabad	N/A	Pakistan	Asia	33.7	73.17
W_S	83	Indianapolis	IN	United States	North America	39.784	-86.163
H_N/A	20	Skondal	N/A	Sweden	Europe	59.25	18.12
W_S	511	Skondal	N/A	Sweden	Europe	59.25	18.12
W_S	13	Padova	N/A	Italy	Europe	45.42	11.88
W_S	34	Tsuenwan	N/A	Hong Kong	Asia	22.37	114.1
W_S	157	Vantaa	N/A	Finland	Europe	60.3	24.85
W_S	27	Horsens	N/A	Denmark	Europe	55.87	9.88
W_S	6	Sanpedrosula	N/A	Honduras	Central America and Carribean	15.5	-88.03
W_S	5	Loveland	CO	United States	North America	40.373	-105.133
W_S	24	Trezzanosulnaviglio	N/A	Italy	Europe	45.42	9.07
W_S	491	Yongdong	N/A	South Korea	Asia	36.92	126.98
W_S	13	Saratov	N/A	Russian Federation	Europe	51.57	46.03
W_S	92	Pasig	N/A	Philippines	Asia	14.58	121.08
W_S	11	Yogyakarta	N/A	Indonesia	Asia	-7.8	110.37
W_S	147	Porto	N/A	Portugal	Europe	41.15	-8.62
W_S	42	Otemachi	13	Japan	Asia	35.68	139.77
W_S	4	Estarreja	N/A	Portugal	Europe	40.75	-8.57
W_S	538	Vancouver	BC	Canada	North America	49.25	-123.13
W_S	1022	Vienna	N/A	Austria	Europe	48.2	16.37
W_S	18	Zagreb	N/A	Croatia	Europe	45.8	16
W_S	3	Bodo	N/A	Norway	Europe	67.28	14.38
H_N/A	18	Richardson	TX	United States	North America	32.951	-96.711
W_S	496	Richardson	TX	United States	North America	32.951	-96.711
W_S	11	Durban	N/A	South Africa	Africa	-29.85	31.02
W_S	6	Palmerstonnorth	N/A	New Zealand	Oceania	-40.35	175.62
W_S	366	Perth	WA	Australia	Oceania	-31.93	115.83
W_S	534	Leeds	EN	United Kingdom	Europe	53.8	-1.58
W_S	67	Almaty	N/A	Kazakhstan	Asia	43.25	76.95
W_S	40	Rawalpindi	N/A	Pakistan	Asia	33.6	73.07
W_S	17	Joaopessoa	PB	Brazil	South America	-7.12	-34.87
W_S	86	Sheffield	EN	United Kingdom	Europe	53.37	-1.5
W_S	3	Riobranco	AC	Brazil	South America	-9.97	-67.8
W_S	182	Kaohsiung	N/A	Taiwan, Province of China	Asia	22.63	120.28
W_S	1382	Aubervilliers	N/A	France	Europe	48.92	2.38
H_N/A	45	Aubervilliers	N/A	France	Europe	48.92	2.38
W_S	126	Sofia	N/A	Bulgaria	Europe	42.68	23.32
W_S	8	Gulberg	N/A	Pakistan	Asia	31.53	74.35
W_S	5	Yamaguchi	35	Japan	Asia	34.17	131.48
W_S	3	Mandalay	N/A	Myanmar	Asia	22	96.08
W_S	140	Mandaluyong	N/A	Philippines	Asia	14.58	121.03
W_S	4	Dagupan	N/A	Philippines	Asia	16.05	120.33
W_S	3	Camboriu	SC	Brazil	South America	-26.98	-48.63
W_S	33	Newcastleupontyne	EN	United Kingdom	Europe	54.99	-1.62
W_S	7	Blumenau	SC	Brazil	South America	-26.93	-49.05
H_N/A	14	Buenosaires	N/A	Argentina	South America	-34.59	-58.67
W_S	872	Buenosaires	N/A	Argentina	South America	-34.59	-58.67
W_S	1950	Dusseldorf	NW	Germany	Europe	51.22	6.77
W_S	175	Basingstoke	EN	United Kingdom	Europe	51.27	-1.08
W_S	3	Jarry	N/A	Guadeloupe	Central America and Carribean	16.23	-61.55
W_S	96	Pleasanton	CA	United States	North America	37.692	-121.894
W_S	9	Columbia	SC	United States	North America	34.074	-81.193
W_S	264	Hochiminhcity	N/A	Viet Nam	Asia	10.75	106.67
W_S	16	Orlando	FL	United States	North America	28.399	-81.174
W_S	35	Almanamah	N/A	Bahrain	Asia	26.24	50.58
W_S	20	Reunion	N/A	Reunion	Africa	-21.07	55.27
W_S	35	Oldenburg	NI	Germany	Europe	53.17	8.2
W_S	23	Nantong	N/A	China	Asia	32.03	120.87
W_S	16	Tomasjord	N/A	Norway	Europe	69.67	19.02
W_S	4	Gibraltar	N/A	Gibraltar	Europe	36.13	-5.35
W_S	6	Oita	44	Japan	Asia	33.24	131.61
W_S	6	Givatshmuel	N/A	Israel	Asia	32.08	34.85
W_S	12	Jinhua	N/A	China	Asia	29.12	119.65
W_S	94	Kista	N/A	Sweden	Europe	59.45	17.92
W_S	158	Puebla	N/A	Mexico	North America	19.05	-98.2
W_S	124	Littleton	CO	United States	North America	39.542	-105.012
W_S	166	Shatin	N/A	Hong Kong	Asia	22.38	114.18
W_S	5	Chisinau	N/A	Moldova	Europe	47.01	28.86
W_S	220	Fukuoka	40	Japan	Asia	33.58	130.4
W_S	14	Kuningan	N/A	Indonesia	Asia	-6.23	106.82
W_S	151	Guadalajara	N/A	Mexico	North America	20.67	-103.33
W_S	18	Toluca	N/A	Mexico	North America	19.29	-99.67
W_S	4	Bishkek	N/A	Kyrgyzstan	Asia	42.9	74.6
W_S	24	Fortworth	TX	United States	North America	32.759	-97.329
W_S	44	Basildon	EN	United Kingdom	Europe	51.57	0.47
W_S	6	Albany	NY	United States	North America	42.656	-73.748
W_S	6	Conakry	N/A	Guinea	Africa	9.51	-13.71
W_S	78	Hillsboro	OR	United States	North America	45.617	-122.954
W_S	264	Riyadh	N/A	Saudi Arabia	Asia	24.64	46.77
W_S	483	Pakkred	N/A	Thailand	Asia	13.92	100.5
W_S	61	Mazatlan	N/A	Mexico	North America	23.22	-106.42
W_S	83	Hermosillo	N/A	Mexico	North America	29.07	-110.97
W_S	4	Jeju	N/A	South Korea	Asia	33.51	126.52
W_S	91	Pathumthani	N/A	Thailand	Asia	14.02	100.53
W_S	3	Pila	N/A	Poland	Europe	53.15	16.73
W_S	20	Londrina	PR	Brazil	South America	-23.3	-51.15
W_S	5	Akita	05	Japan	Asia	39.72	140.07
W_S	78	Placentia	CA	United States	North America	33.88	-117.855
W_S	3	Novohamburgo	RS	Brazil	South America	-29.68	-51.13
W_S	3	Boerne	TX	United States	North America	29.824	-98.758
W_S	2131	Madrid	N/A	Spain	Europe	40.4	-3.68
H_N/A	92	Madrid	N/A	Spain	Europe	40.4	-3.68
W_S	6	Taipo	N/A	Hong Kong	Asia	22.45	114.17
W_S	6	Eisenstadt	N/A	Austria	Europe	47.85	16.52
W_S	8	Kosice	N/A	Slovakia	Europe	48.72	21.25
W_S	1218	Melbourne	VIC	Australia	Oceania	-37.82	144.97
H_N/A	67	Melbourne	VIC	Australia	Oceania	-37.82	144.97
W_S	666	Hyderabad	N/A	India	Asia	17.38	78.47
W_S	9	Hamilton	ON	Canada	North America	43.25	-79.83
W_S	36	Sanjuan	N/A	Philippines	Asia	14.6	121.02
W_S	385	Dublin	N/A	Ireland	Europe	53.33	-6.25
H_N/A	62	Dublin	N/A	Ireland	Europe	53.33	-6.25
W_S	6	Bettembourg	N/A	Luxembourg	Europe	49.52	6.1
W_S	3	Governadorvaladares	MG	Brazil	South America	-18.85	-41.93
W_S	3	Schwarzach	N/A	Austria	Europe	47.45	9.75
H_N/A	16	Saopaulo	SP	Brazil	South America	-23.53	-46.62
W_S	1522	Saopaulo	SP	Brazil	South America	-23.53	-46.62
W_S	1	Iqaluit	NU	Canada	North America	63.73	-68.5
W_S	11	Huzhou	N/A	China	Asia	30.87	120.1
W_S	28	Sampaloc	N/A	Philippines	Asia	14.62	121
W_S	3	Fayetteville	AR	United States	North America	35.99	-94.083
W_S	4	Hays	KS	United States	North America	38.834	-99.33
W_S	154	Kualalumpur	N/A	Malaysia	Asia	3.17	101.7
W_S	13	Chilworth	EN	United Kingdom	Europe	51.22	-0.52
W_S	16	Phnompenh	N/A	Cambodia	Asia	11.55	104.92
W_S	645	Billerica	MA	United States	North America	42.549	-71.25
W_S	65	Santodomingo	N/A	Dominican Republic	Central America and Carribean	18.47	-69.9
W_S	114	Kochi	N/A	India	Asia	9.97	76.23
W_S	3	Lapaz	N/A	Mexico	North America	24.14	-110.31
W_S	3	Albuquerque	NM	United States	North America	35.082	-106.647
H_N/A	105	Milano	N/A	Italy	Europe	45.47	9.2
W_S	2658	Milano	N/A	Italy	Europe	45.47	9.2
W_S	176	Kuwait	N/A	Kuwait	Asia	29.37	47.98
W_S	104	Tultitlandemarianoescobedo	N/A	Mexico	North America	19.65	-99.17
W_S	5	Gonzales	LA	United States	North America	30.234	-90.918
W_S	35	Bologoye	N/A	Russian Federation	Europe	57.88	34.05
W_S	6	Geneva	N/A	Switzerland	Europe	46.2	6.17
W_S	8	Juarez	N/A	Mexico	North America	31.74	-106.49
W_S	106	Petachtikvah	N/A	Israel	Asia	32.09	34.87
W_S	81	Dhaka	N/A	Bangladesh	Asia	23.72	90.41
W_S	6	Kotakinabalu	N/A	Malaysia	Asia	5.98	116.07
W_S	31	Kathmandu	N/A	Nepal	Asia	27.72	85.32
W_S	139	Portoalegre	RS	Brazil	South America	-30.03	-51.2
H_N/A	33	Schiphol	N/A	Netherlands	Europe	52.3	4.75
W_S	864	Schiphol	N/A	Netherlands	Europe	52.3	4.75
W_S	20	Omsk	N/A	Russian Federation	Europe	55	73.4
W_S	165	Helsinki	N/A	Finland	Europe	60.18	24.93
W_S	52	Tempe	AZ	United States	North America	33.393	-111.931
W_S	3	Prishtin	N/A	Serbia	Europe	42.67	21.17
W_S	3	Minot	ND	United States	North America	48.248	-101.298
W_S	40	Lunderskov	N/A	Denmark	Europe	55.48	9.3
W_S	14	Chapeco	SC	Brazil	South America	-27.1	-52.6
W_S	16	Anaheim	CA	United States	North America	33.844	-117.952
W_S	276	Curitiba	PR	Brazil	South America	-25.42	-49.25
W_S	50	Colombo	N/A	Sri Lanka	Asia	6.93	79.85
W_S	38	Kunming	N/A	China	Asia	25.04	102.72
W_S	24	Krasnoyarsk	N/A	Russian Federation	Europe	56.01	92.79
W_S	5	Warrens	N/A	Barbados	Central America and Carribean	13.15	-59.6
W_S	63	Pekanbaru	N/A	Indonesia	Asia	0.53	101.45
W_S	18	Concepcion	N/A	Chile	South America	-36.83	-73.05
W_S	6	Miamibeach	FL	United States	North America	25.862	-80.126
W_S	16	Tunis	N/A	Tunisia	Africa	36.8	10.18
W_S	4	Noumea	N/A	New Caledonia	Oceania	-22.27	166.45
W_S	15	Portofspain	N/A	Trinidad and Tobago	Central America and Carribean	10.65	-61.52
W_S	8	Gaborone	N/A	Botswana	Africa	-24.67	25.92
W_S	6	Mangalore	N/A	India	Asia	12.87	74.88
W_S	120	Quito	N/A	Ecuador	South America	-0.22	-78.5
W_S	114	Livonia	MI	United States	North America	42.368	-83.372
W_S	743	Rome	N/A	Italy	Europe	41.9	12.48
W_S	4	Pousoalegre	MG	Brazil	South America	-22.22	-45.93
W_S	3	Portland	ME	United States	North America	43.662	-70.259
W_S	5	Sudbury	ON	Canada	North America	46.5	-80.97
W_S	30	Zhuzhou	N/A	China	Asia	27.83	113.15
W_S	3	Volzhsky	N/A	Russian Federation	Europe	48.79	44.77
W_S	56	Albany	N/A	New Zealand	Oceania	-36.72	174.7
W_S	39	Alexandria	N/A	Egypt	Africa	31.2	29.92
W_S	61	Taastrup	N/A	Denmark	Europe	55.65	12.32
W_S	16	Tallinn	N/A	Estonia	Europe	59.43	24.73
W_S	8	Abuja	N/A	Nigeria	Africa	9.25	6.93
W_S	17	Santanadeparnaiba	SP	Brazil	South America	-23.45	-46.92
W_S	4	Aiken	SC	United States	North America	33.488	-81.678
W_S	20	Zelienople	PA	United States	North America	40.763	-80.124
W_S	4	Eagleriver	AK	United States	North America	61.194	-149.321
W_S	120	Bromma	N/A	Sweden	Europe	59.35	17.92
H_N/A	10	Bromma	N/A	Sweden	Europe	59.35	17.92
W_S	71	Espoo	N/A	Finland	Europe	60.22	24.67
W_S	3	Sertaozinho	SP	Brazil	South America	-21.4	-47.35
W_S	3	Cedarrapids	IA	United States	North America	41.975	-91.658
W_S	18	Bhubaneshwar	N/A	India	Asia	20.23	85.83
W_S	76	Ludhiana	N/A	India	Asia	30.9	75.85
W_S	12	Vladivostok	N/A	Russian Federation	Europe	43.13	131.9
W_S	8	Malacca	N/A	Malaysia	Asia	2.2	102.25
W_S	3	Whitehorse	YT	Canada	North America	60.72	-135.05
W_S	4	Bend	OR	United States	North America	44.119	-121.282
W_S	6	Valinhos	SP	Brazil	South America	-22.95	-47.02
W_S	143	Sunshine	VIC	Australia	Oceania	-37.78	144.83
H_N/A	24	Chennai	N/A	India	Asia	13.08	80.28
W_S	1692	Chennai	N/A	India	Asia	13.08	80.28
W_S	6	Steinsel	N/A	Luxembourg	Europe	49.68	6.12
W_S	5	Indaiatuba	SP	Brazil	South America	-23.08	-47.23
W_S	17	Palembang	N/A	Indonesia	Asia	-2.92	104.75
W_S	3	Itabira	MG	Brazil	South America	-19.62	-43.22
W_S	8	Arequipa	N/A	Peru	South America	-16.4	-71.53
W_S	6	Vadodara	N/A	India	Asia	22.3	73.2
W_S	87	Houston	TX	United States	North America	29.759	-95.363
W_S	8	Barrie	ON	Canada	North America	44.38	-79.7
W_S	10	Fortlauderdale	FL	United States	North America	26.068	-80.274
W_S	359	Istanbul	N/A	Turkey	Asia	41.02	28.96
W_S	103	Lasvegas	NV	United States	North America	36.085	-115.147
W_S	286	Cyberjaya	N/A	Malaysia	Asia	2.97	101.58
H_N/A	7	Cyberjaya	N/A	Malaysia	Asia	2.97	101.58
W_S	3	Aracaju	SE	Brazil	South America	-10.92	-37.07
W_S	3	Maseru	N/A	Lesotho	Africa	-29.32	27.48
W_S	3	Mayfield	KY	United States	North America	36.724	-88.687
W_S	19	Rockhill	SC	United States	North America	34.889	-81.021
W_S	56	Rehovot	N/A	Israel	Asia	31.9	34.82
W_S	27	Nogales	N/A	Mexico	North America	31.2	-111
W_S	538	Marseille	N/A	France	Europe	43.3	5.4
W_S	2035	Losangeles	CA	United States	North America	34.043	-118.252
W_S	9	Thebarton	SA	Australia	Oceania	-34.92	138.57
W_S	16	Pearlcity	HI	United States	North America	21.421	-157.928
W_S	8	Bandarseribegawan	N/A	Brunei Darussalam	Asia	4.88	114.93
W_S	3	Bloomington	IN	United States	North America	39.244	-86.454
W_S	72	Barranquilla	N/A	Colombia	South America	10.98	-74.8
W_S	14	Desmoines	IA	United States	North America	41.584	-93.629
W_S	6	Oxford	MS	United States	North America	34.345	-89.396
W_S	1523	Stockholm	N/A	Sweden	Europe	59.33	18.05
H_N/A	202	Stockholm	N/A	Sweden	Europe	59.33	18.05
W_S	6	Aurora	CO	United States	North America	39.661	-104.835
W_S	12	Guatemalacity	N/A	Guatemala	Central America and Carribean	14.63	-90.52
W_S	140	Brentwood	TN	United States	North America	35.995	-86.785
W_S	2369	Amsterdam	N/A	Netherlands	Europe	52.35	4.92
H_N/A	222	Amsterdam	N/A	Netherlands	Europe	52.35	4.92
W_S	4	Funabashi	12	Japan	Asia	35.7	139.98
H_N/A	8	Quincy	WA	United States	North America	47.187	-119.813
W_S	9	Yangon	N/A	Myanmar	Asia	16.78	96.17
W_S	6	Easthartford	CT	United States	North America	41.781	-72.621
W_S	24	Culiacan	N/A	Mexico	North America	24.8	-107.39
W_S	108	Barcelona	N/A	Spain	Europe	41.38	2.18
W_S	62	Edmonton	AB	Canada	North America	53.55	-113.5
W_S	515	Santiago	N/A	Chile	South America	-33.45	-70.67
W_S	149	Liljeholmen	N/A	Sweden	Europe	59.32	18.02
W_S	14	Andheri	N/A	India	Asia	19.12	72.83
W_S	143	Lisbon	N/A	Portugal	Europe	38.72	-9.13
W_S	3	Floyd	VA	United States	North America	36.921	-80.319
W_S	3	Daejeon	N/A	South Korea	Asia	36.317	127.417
W_S	6	Juizdefora	MG	Brazil	South America	-21.75	-43.35
H_N/A	24	Toronto	ON	Canada	North America	43.67	-79.42
W_S	927	Toronto	ON	Canada	North America	43.67	-79.42
W_S	22	Bayamon	N/A	Puerto Rico	Central America and Carribean	18.401	-66.159
W_S	3	Jau	SP	Brazil	South America	-22.3	-48.55
W_S	7	Bowlinggreen	KY	United States	North America	36.991	-86.444
W_S	5	Nassau	N/A	Bahamas	Central America and Carribean	25.08	-77.35
W_S	3	Dubbo	NSW	Australia	Oceania	-32.25	148.62
W_S	5	Wenatchee	WA	United States	North America	47.364	-120.348
W_S	46	Southfield	MI	United States	North America	42.475	-83.29
W_S	85	Telaviv	N/A	Israel	Asia	32.07	34.77
W_S	233	Bucharest	N/A	Romania	Europe	44.43	26.1
W_S	12	Antofagasta	N/A	Chile	South America	-23.65	-70.4
W_S	3	Bertrange	N/A	Luxembourg	Europe	49.61	6.05
W_S	72	Amadora	N/A	Portugal	Europe	38.75	-9.23
W_S	109	Batam	N/A	Indonesia	Asia	1.08	104.03
W_S	548	Philadelphia	PA	United States	North America	39.952	-75.164
H_N/A	20	Edison	NJ	United States	North America	40.514	-74.347
W_S	22	Ljubljana	N/A	Slovenia	Europe	46.06	14.51
W_S	100	Shakopee	MN	United States	North America	44.751	-93.515
W_S	39	Zamudio	N/A	Spain	Europe	43.28	-2.87
W_S	10	Clearwater	KS	United States	North America	37.536	-97.492
W_S	78	York	EN	United Kingdom	Europe	53.97	-1.08
W_S	3	Oneonta	AL	United States	North America	33.896	-86.489
W_S	382	Zurich	N/A	Switzerland	Europe	47.37	8.55
W_S	10	Provo	UT	United States	North America	40.234	-111.658
W_S	9	London	ON	Canada	North America	42.98	-81.25
W_S	3	Castries	N/A	Saint Lucia	Central America and Carribean	14	-61
W_S	261	Athens	N/A	Greece	Europe	37.98	23.73
W_S	87	Parsippany	NJ	United States	North America	40.855	-74.4
W_S	65	Kepong	N/A	Malaysia	Asia	3.22	101.63
W_S	11	Cambridge	MA	United States	North America	42.37	-71.082
W_S	10	Cagliari	N/A	Italy	Europe	39.22	9.12
W_S	8	Elverum	N/A	Norway	Europe	60.88	11.57
W_S	2783	Atlanta	GA	United States	North America	33.776	-84.393
W_S	30	Pittsburgh	PA	United States	North America	40.419	-80.05
W_S	157	Medellin	N/A	Colombia	South America	6.25	-75.58
W_S	3	Santamaria	RS	Brazil	South America	-29.68	-53.8
W_S	3	Passofundo	RS	Brazil	South America	-28.27	-52.4
W_S	17	Hamilton	N/A	New Zealand	Oceania	-37.78	175.28
W_S	24	Elkridge	MD	United States	North America	39.029	-76.712
W_S	44	Langfang	N/A	China	Asia	39.52	116.7
W_S	100	Whiteplains	NY	United States	North America	41.021	-73.776
W_S	81	Haifa	N/A	Israel	Asia	32.82	34.99
W_S	3	Malaya	N/A	Russian Federation	Europe	57.65	40.8
W_S	3	Lawrence	KS	United States	North America	38.989	-95.303
W_S	1071	Hamburg	HH	Germany	Europe	53.55	10
W_S	161	Cairo	N/A	Egypt	Africa	30.05	31.25
W_S	1796	Singapore	N/A	Singapore	Asia	1.29	103.86
H_N/A	54	Singapore	N/A	Singapore	Asia	1.29	103.86
W_S	2	Kirkland	WA	United States	North America	47.718	-122.204
W_S	4	Morgantown	WV	United States	North America	39.585	-79.918
W_S	6	Ranchi	N/A	India	Asia	23.35	85.33
W_S	95	Sanantonio	TX	United States	North America	29.425	-98.488
H_N/A	212	Secaucus	NJ	United States	North America	40.793	-74.058
W_S	205	Secaucus	NJ	United States	North America	40.793	-74.058
W_S	46	Leipzig	SN	Germany	Europe	51.3	12.33
W_S	3	Corvallis	OR	United States	North America	44.463	-123.314
W_S	202	Charlotte	NC	United States	North America	35.229	-80.846
W_S	37	Oradea	N/A	Romania	Europe	47.07	21.93
W_S	57	Guwahati	N/A	India	Asia	26.17	91.46
W_S	20	Washington	DC	United States	North America	38.904	-77.031
W_S	348	Shinjuku	14	Japan	Asia	35.32	139.35
W_S	5	Conway	SC	United States	North America	33.836	-79.048
W_S	47	Erevan	N/A	Armenia	Asia	40.18	44.5
W_S	12	Saintpeterport	N/A	Guernsey	Europe	49.45	-2.54
W_S	6	Milwaukee	WI	United States	North America	43.083	-87.884
H_N/A	193	Frankfurt	HE	Germany	Europe	50.12	8.68
W_S	6398	Frankfurt	HE	Germany	Europe	50.12	8.68
W_S	49	Yaizu	22	Japan	Asia	34.87	138.33
W_S	74	Alcobendas	N/A	Spain	Europe	40.53	-3.63
W_S	38	Edinburgh	SC	United Kingdom	Europe	55.95	-3.2
W_S	24	Santoandre	SP	Brazil	South America	-23.67	-46.52
W_S	112	Saintlouis	MO	United States	North America	38.631	-90.193
W_S	7	Lapampa	N/A	Argentina	South America	-30.93	-64.28
W_S	37	Rabat	N/A	Morocco	Africa	34.03	-6.83
W_S	13	Makhachkala	N/A	Russian Federation	Europe	42.983	47.517
W_S	43	Tangerang	N/A	Indonesia	Asia	-6.18	106.62
W_S	6	Jackson	MS	United States	North America	32.29	-90.184
W_S	5	Toyama	16	Japan	Asia	36.68	137.22
W_S	3	Marilia	SP	Brazil	South America	-22.22	-49.93
W_S	15	Guarulhos	SP	Brazil	South America	-23.47	-46.53
W_S	8	Ampere	PR	Brazil	South America	-25.92	-53.47
W_S	96	Neworleans	LA	United States	North America	29.957	-90.077
W_S	367	Monterrey	N/A	Mexico	North America	25.67	-100.32
W_S	11	Camposdosgoitacazes	RJ	Brazil	South America	-21.75	-41.3
W_S	29	Kansascity	MO	United States	North America	39.107	-94.571
W_S	365	Fujairah	N/A	United Arab Emirates	Asia	25.12	56.34
W_S	62	Chachoengsao	N/A	Thailand	Asia	13.7	101.08
W_S	471	Bogota	N/A	Colombia	South America	4.6	-74.08
W_S	167	Patna	N/A	India	Asia	25.6	85.1
W_S	3	Studley	EN	United Kingdom	Europe	51.8	-1.13
W_S	59	Tijuana	N/A	Mexico	North America	32.53	-117.02
W_S	14	Mie	24	Japan	Asia	34.7	136.52
W_S	3	Burlington	VT	United States	North America	44.49	-73.225
W_S	89	Southfield	MI	United States	North America	42.462	-83.231
W_S	5	Lodz	N/A	Poland	Europe	51.75	19.47
W_S	16	Saintpaul	MN	United States	North America	44.96	-93.047
W_S	5	Somerville	MA	United States	North America	42.381	-71.097
W_S	16	Cagayandeoro	N/A	Philippines	Asia	8.48	124.65
W_S	3	Mankato	MN	United States	North America	44.116	-93.998
W_S	1887	Slough	EN	United Kingdom	Europe	51.5	-0.58
H_N/A	25	Slough	EN	United Kingdom	Europe	51.5	-0.58
W_S	12	Kampala	N/A	Uganda	Africa	0.32	32.58
W_S	80	Montevideo	N/A	Uruguay	South America	-34.88	-56.18
W_S	4	Fredericowestphalen	RS	Brazil	South America	-27.36	-53.4
W_S	7	Prai	N/A	Malaysia	Asia	5.38	100.38
W_S	3	Siouxcenter	IA	United States	North America	43.084	-96.214
W_S	13	Tyumen	N/A	Russian Federation	Europe	57.15	65.53
W_S	29	Honolulu	HI	United States	North America	21.356	-157.871
W_S	4	Jena	TH	Germany	Europe	50.93	11.58
W_S	5	Sjobo	N/A	Sweden	Europe	55.633	13.717
W_S	3	Brandon	MB	Canada	North America	49.83	-99.95
W_S	35	Northsydney	NSW	Australia	Oceania	-33.84	151.21
W_S	44	Luton	EN	United Kingdom	Europe	51.88	-0.42
W_S	11	Windhoek	N/A	Namibia	Africa	-22.57	17.08
W_S	8	Mcclellan	CA	United States	North America	38.663	-121.383
W_S	7	Aleksandria	N/A	Poland	Europe	52	20.42
W_S	90	Recife	PE	Brazil	South America	-8.05	-34.9
W_S	3	Clovis	NM	United States	North America	34.517	-103.253
W_S	14	Wuhan	N/A	China	Asia	30.58	114.27
W_S	30	Chengdu	N/A	China	Asia	30.67	104.07
W_S	20	Veracruz	N/A	Mexico	North America	19.2	-96.13
W_S	46	Centurion	N/A	South Africa	Africa	-25.87	28.17
W_S	28	Troisrivieres	QC	Canada	North America	46.35	-72.55
W_S	10	Cupertino	CA	United States	North America	37.309	-122.089
W_S	9	Regensburg	BY	Germany	Europe	49.02	12.1
W_S	721	Jakarta	N/A	Indonesia	Asia	-6.17	106.8
W_S	26	Donmills	ON	Canada	North America	43.73	-79.33
H_N/A	14	Chessington	EN	United Kingdom	Europe	51.35	-0.3
W_S	33	Minsk	N/A	Belarus	Europe	53.9	27.57
W_S	40	Poplar	EN	United Kingdom	Europe	51.5	-0.02
W_S	62	Belfast	NI	United Kingdom	Europe	54.58	-5.93
W_S	82	Makassar	N/A	Indonesia	Asia	-5.13	119.42
W_S	3	Teresina	PI	Brazil	South America	-5.08	-42.82
W_S	19	Osnabruck	NI	Germany	Europe	52.27	8.05
W_S	50	Chelyabinsk	N/A	Russian Federation	Europe	55.17	61.4
W_S	53	Banjarmasin	N/A	Indonesia	Asia	-3.319	114.594
W_S	64	Englewood	CO	United States	North America	39.574	-104.859
W_S	16	Brighton	EN	United Kingdom	Europe	50.83	-0.15
W_S	6	Managua	N/A	Nicaragua	Central America and Carribean	12.15	-86.27
W_S	5	Ashland	VA	United States	North America	37.753	-77.495
W_S	24	Sanmarcos	TX	United States	North America	29.867	-97.959
W_S	6	Hagerstown	MD	United States	North America	39.636	-77.725
W_S	64	Izmir	N/A	Turkey	Asia	38.42	27.15
W_S	3	Winona	MN	United States	North America	43.982	-91.635
W_S	163	Portmelbourne	VIC	Australia	Oceania	-37.83	144.93
W_S	4	Shallotte	NC	United States	North America	33.971	-78.387
W_S	29	Tauranga	N/A	New Zealand	Oceania	-37.69	176.17
W_S	11	Salzburg	N/A	Austria	Europe	47.8	13.03
W_S	16	Surgut	N/A	Russian Federation	Europe	53.93	51.23
W_S	411	Brussels	N/A	Belgium	Europe	50.83	4.33
W_S	64	Poznan	N/A	Poland	Europe	52.42	16.97
W_S	78	Guildford	EN	United Kingdom	Europe	51.22	-0.57
W_S	54	Uskudar	N/A	Turkey	Asia	41.02	29.05
W_S	6	Santafe	N/A	Argentina	South America	-31.63	-60.7
W_S	842	Moscow	N/A	Russian Federation	Europe	55.75	37.58
W_S	22	Perm	N/A	Russian Federation	Europe	58	56.25
W_S	4	Missoula	MT	United States	North America	46.991	-113.978
W_S	283	Santaclara	CA	United States	North America	37.352	-121.952
W_S	3	Shymkent	N/A	Kazakhstan	Asia	42.3	69.6
W_S	10	Dakar	N/A	Senegal	Africa	14.67	-17.43
W_S	11	Joinville	SC	Brazil	South America	-26.3	-48.83
W_S	32	Xian	N/A	China	Asia	34.26	108.94
W_S	8	Zug	N/A	Switzerland	Europe	47.17	8.52
W_S	56	Halifax	NS	Canada	North America	44.65	-63.6
W_S	24	Basra	N/A	Iraq	Asia	30.5	47.82
W_S	122	Boston	MA	United States	North America	42.357	-71.054
W_S	10	Torshavn	N/A	Faroe Islands	Europe	62.02	-6.77
W_S	39	Aalborg	N/A	Denmark	Europe	57.05	9.93
W_S	45	Corsham	EN	United Kingdom	Europe	51.43	-2.17
H_N/A	102	Reston	VA	United States	North America	38.933	-77.349
W_S	19	Rostovondon	N/A	Russian Federation	Europe	47.24	39.71
W_S	30	Huntsville	AL	United States	North America	34.768	-86.683
W_S	3	Thunderbay	ON	Canada	North America	48.4	-89.23
W_S	8	Sainthelier	N/A	Jersey	Europe	49.18	-2.1
W_S	8	Wroclaw	N/A	Poland	Europe	51.1	17.03
W_S	125	Ranchocordova	CA	United States	North America	38.586	-121.283
W_S	8	Weltevredenpark	N/A	South Africa	Africa	-26.12	27.93
W_S	30	Columbus	OH	United States	North America	40.005	-83.022
W_S	5	Shijiazhuang	N/A	China	Asia	38.04	114.49
W_S	115	Novosibirsk	N/A	Russian Federation	Europe	55.03	82.92
W_S	161	Copenhagen	N/A	Denmark	Europe	55.67	12.58
W_S	82	Shawneemission	KS	United States	North America	39.024	-94.67
W_S	39	Diyarbakir	N/A	Turkey	Asia	37.92	40.23
W_S	30	Burlington	ON	Canada	North America	43.32	-79.8
W_S	4302	Sanjose	CA	United States	North America	37.232	-121.787
H_N/A	222	Sanjose	CA	United States	North America	37.232	-121.787
W_S	6	Hannover	NI	Germany	Europe	52.37	9.72
W_S	16	Matsuyama	38	Japan	Asia	33.84	132.76
W_S	116	Lucknow	N/A	India	Asia	26.85	80.92
W_S	106	Hicksville	NY	United States	North America	40.763	-73.524
W_S	4	Yaounde	N/A	Cameroon	Africa	3.87	11.52
W_S	8	Saskatoon	SK	Canada	North America	52.13	-106.67
W_S	10	Moravia	N/A	Costa Rica	Central America and Carribean	9.85	-83.43
W_S	9	Kwazulu	N/A	South Africa	Africa	-30.93	29.27
W_S	48	Indianapolis	IN	United States	North America	39.848	-86.198
W_S	25	Cali	N/A	Colombia	South America	3.45	-76.52
W_S	50	Roshhaayin	N/A	Israel	Asia	32.09	34.95
W_S	6	Gainesville	FL	United States	North America	29.648	-82.344
W_S	3	Longmont	CO	United States	North America	40.177	-105.08
W_S	45	Nottingham	EN	United Kingdom	Europe	52.97	-1.17
W_S	6596	Chicago	IL	United States	North America	41.847	-87.626
H_N/A	206	Chicago	IL	United States	North America	41.847	-87.626
W_S	16	Springfield	MA	United States	North America	42.1	-72.579
W_S	4	Saintgeorge	UT	United States	North America	37.132	-113.796
W_S	3	Bellowsfalls	VT	United States	North America	43.183	-72.5
W_S	23	Shenyang	N/A	China	Asia	41.8	123.41
W_S	197	Santaclara	CA	United States	North America	37.349	-121.985
W_S	140	Campinas	SP	Brazil	South America	-22.9	-47.08
W_S	211	Bhopal	N/A	India	Asia	23.27	77.4
W_S	60	Lascondes	N/A	Chile	South America	-33.37	-70.52
W_S	13	Turin	N/A	Italy	Europe	45.05	7.67
W_S	10	Jaworzno	N/A	Poland	Europe	50.2	19.27
W_S	3	Kormangala	N/A	India	Asia	12.93	77.62
W_S	4	Krakow	N/A	Poland	Europe	50.08	19.92
W_S	15	Lagos	N/A	Nigeria	Africa	6.45	3.4
W_S	19	Manaus	AM	Brazil	South America	-3.11	-60.03
W_S	23	Bremen	HB	Germany	Europe	53.08	8.8
W_S	6	Saocarlos	SP	Brazil	South America	-22.02	-47.9
W_S	239	Jeddah	N/A	Saudi Arabia	Asia	21.52	39.22
W_S	16	Fairfax	SC	United States	North America	32.882	-81.327
W_S	5	Jacksonville	FL	United States	North America	30.324	-81.682
W_S	31	Trondheim	N/A	Norway	Europe	63.42	10.42
W_S	6	Kagoshima	46	Japan	Asia	31.6	130.55
W_S	90	Dubai	N/A	United Arab Emirates	Asia	25.25	55.28
H_N/A	4	Dubai	N/A	United Arab Emirates	Asia	25.25	55.28
W_S	22	Torreon	N/A	Mexico	North America	25.54	-103.45
W_S	6	Saojosedoriopreto	SP	Brazil	South America	-20.8	-49.38
W_S	25	Tustin	CA	United States	North America	33.736	-117.818
W_S	5	Cascavel	PR	Brazil	South America	-24.95	-53.47
W_S	18	Farnborough	EN	United Kingdom	Europe	51.27	-0.73
W_S	222	Irvine	CA	United States	North America	33.689	-117.789
W_S	6	Toyohashi	23	Japan	Asia	34.77	137.38
W_S	9	Nagano	20	Japan	Asia	36.65	138.18
W_S	78	Tempe	AZ	United States	North America	33.415	-111.909
W_S	43	Bracknell	EN	United Kingdom	Europe	51.42	-0.75
W_S	4	Marlborough	MA	United States	North America	42.35	-71.548
W_S	4	Biel	N/A	Switzerland	Europe	47.17	7.25
W_S	6	Collegestation	TX	United States	North America	30.608	-96.354
W_S	1180	Courbevoie	N/A	France	Europe	48.54	2.15
W_S	6	Saovicente	SP	Brazil	South America	-23.97	-46.38
W_S	18	Ottawa	ON	Canada	North America	45.42	-75.7
W_S	3	Gurgaon	N/A	India	Asia	28.7	77.03
W_S	8	Campdouglas	WI	United States	North America	43.995	-90.258
W_S	308	Ankara	N/A	Turkey	Asia	39.94	32.86
W_S	8	Gijon	N/A	Spain	Europe	43.54	-5.66
W_S	42	Winnipeg	MB	Canada	North America	49.88	-97.17
W_S	3	Lavictoria	N/A	Peru	South America	-12.07	-77.03
W_S	86	Zibo	N/A	China	Asia	36.79	118.06
W_S	66	Silkeborg	N/A	Denmark	Europe	56.17	9.57
W_S	11	Isleworth	EN	United Kingdom	Europe	51.47	-0.33
W_S	3	Jinju	N/A	South Korea	Asia	35.19	128.08
W_S	10	Santiago	N/A	Dominican Republic	Central America and Carribean	19.45	-70.7
W_S	11	Ribeiraopreto	SP	Brazil	South America	-21.17	-47.8
W_S	24	Udaipur	N/A	India	Asia	24.58	73.68
W_S	592	Calcutta	N/A	India	Asia	22.57	88.37
W_S	32	Ufa	N/A	Russian Federation	Europe	54.73	55.93
W_S	23	Saintdenis	N/A	Reunion	Africa	-20.87	55.47
W_S	27	Bratislava	N/A	Slovakia	Europe	48.15	17.12
W_S	3	Bage	RS	Brazil	South America	-31.33	-54.1
W_S	95	Norfolk	VA	United States	North America	36.857	-76.212
W_S	16	Goiania	GO	Brazil	South America	-16.67	-49.27
W_S	3	Oulu	N/A	Finland	Europe	65.02	25.47
W_S	13	Skopje	N/A	Macedonia	Europe	42	21.43
W_S	14	Coimbatore	N/A	India	Asia	11	76.97
W_S	21	Lapaz	N/A	Bolivia	South America	-16.5	-68.15
W_S	13	Tomsk	N/A	Russian Federation	Europe	56.5	84.97
W_S	115	Ciudaddemexico	N/A	Mexico	North America	19.43	-99.14
W_S	19	Taipa	N/A	Macau	Asia	22.15	113.55
W_S	6	Marion	IA	United States	North America	42.067	-91.578
W_S	10	Rajkot	N/A	India	Asia	22.3	70.78
W_S	7	Niteroi	RJ	Brazil	South America	-22.88	-43.09
W_S	95	Guayaquil	N/A	Ecuador	South America	-2.17	-79.9
W_S	3	Palmas	TO	Brazil	South America	-10.42	-48.44
W_S	3	Knoxville	TN	United States	North America	35.961	-83.921
W_S	25	Calicut	N/A	India	Asia	11.25	75.77
W_S	3	Medan	N/A	Indonesia	Asia	3.58	98.67
W_S	263	Lima	N/A	Peru	South America	-12.05	-77.05
W_S	10	Troutville	VA	United States	North America	37.434	-79.937
W_S	5	Bismarck	ND	United States	North America	46.804	-100.783
W_S	3	Itapetininga	SP	Brazil	South America	-23.6	-48.05
W_S	84	Ekaterinburg	N/A	Russian Federation	Europe	56.85	60.6
W_S	54	Richmondhill	ON	Canada	North America	43.87	-79.43
W_S	38	Cardiff	WA	United Kingdom	Europe	51.5	-3.2
W_S	6	Agartala	N/A	India	Asia	23.82	91.27
W_S	6	Juazeirodonorte	CE	Brazil	South America	-7.2	-39.33
W_S	3	Uberaba	MG	Brazil	South America	-19.75	-47.92
W_S	157	Karachi	N/A	Pakistan	Asia	24.87	67.05
W_S	3	Windsor	ON	Canada	North America	42.3	-82.98
W_S	8	Guilin	N/A	China	Asia	25.28	110.28
W_S	48	Scottsdale	AZ	United States	North America	33.689	-111.837
W_S	76	Lahore	N/A	Pakistan	Asia	31.57	74.32
W_S	24	Elektrenai	N/A	Lithuania	Europe	54.77	24.63
W_S	14	Cochabamba	N/A	Bolivia	South America	-17.38	-66.15
W_S	349	Wellington	N/A	New Zealand	Oceania	-41.3	174.78
W_S	92	Oakbrook	IL	United States	North America	41.784	-87.939
W_S	180	Brasilia	DF	Brazil	South America	-15.78	-47.92
W_S	5	Lafayette	LA	United States	North America	30.234	-92.009
W_S	112	Johannesburg	N/A	South Africa	Africa	-26.2	28.08
W_S	24	Rosebank	N/A	South Africa	Africa	-26.15	28.03
W_S	10	Lyon	N/A	France	Europe	45.75	4.85
W_S	1063	Delhi	N/A	India	Asia	28.67	77.22
W_S	78	Daytonabeach	FL	United States	North America	29.211	-81.023
W_S	12	Hobart	TAS	Australia	Oceania	-42.92	147.33
W_S	6	Chiangmai	N/A	Thailand	Asia	18.79	98.98
W_S	40	Baghdad	N/A	Iraq	Asia	33.34	44.39
W_S	5	Durham	NC	United States	North America	35.995	-78.896
W_S	10	Adana	N/A	Turkey	Asia	37	35.32
W_S	9	Pieta	N/A	Malta	Europe	35.89	14.49
W_S	14	Accra	N/A	Ghana	Africa	5.55	-0.22
W_S	65	Toranomon	13	Japan	Asia	35.65	139.65
W_S	9	Linz	N/A	Austria	Europe	48.3	14.3
W_S	3	Hammond	LA	United States	North America	30.481	-90.483
W_S	3380	Miami	FL	United States	North America	25.785	-80.19
H_N/A	14	Miami	FL	United States	North America	25.785	-80.19
W_S	3	Dalton	GA	United States	North America	34.788	-84.912
W_S	24	Kharkiv	N/A	Ukraine	Europe	50	36.25
W_S	64	Stavanger	N/A	Norway	Europe	58.97	5.75
W_S	16	Pointeapitre	N/A	Guadeloupe	Central America and Carribean	16.23	-61.52
W_S	24	Bologna	N/A	Italy	Europe	44.48	11.33
W_S	22	Maputo	N/A	Mozambique	Africa	-25.97	32.59
W_S	5	Sergeantbluff	IA	United States	North America	42.399	-96.355
W_S	8	Shanghai	N/A	China	Asia	31.22	121.46
H_N/A	108	London	EN	United Kingdom	Europe	51.5	-0.12
W_S	6901	London	EN	United Kingdom	Europe	51.5	-0.12
W_S	5	Hutchinson	MN	United States	North America	44.906	-94.428
W_S	82	Diegem	N/A	Belgium	Europe	50.9	4.43
W_S	10	Timisoara	N/A	Romania	Europe	45.76	21.23
W_S	15	Pretoria	N/A	South Africa	Africa	-25.71	28.23
W_S	4	Tuscaloosa	AL	United States	North America	33.166	-87.612
W_S	15	Santacruzdelasierra	N/A	Bolivia	South America	-17.8	-63.17
W_S	23	Asuncion	N/A	Paraguay	South America	-25.27	-57.67
W_S	8	Douglas	N/A	Isle of Man	Europe	54.15	-4.48
W_S	4	Sendai	04	Japan	Asia	38.26	140.89
W_S	44	Wolverhampton	EN	United Kingdom	Europe	52.58	-2.13
W_S	60	Taizhou	N/A	China	Asia	32.49	119.91
W_S	88	Budapest	N/A	Hungary	Europe	47.5	19.08
W_S	56	Zhumadian	N/A	China	Asia	32.98	114.03
W_S	28	Abudhabi	N/A	United Arab Emirates	Asia	24.47	54.37
W_S	12	Lawton	OK	United States	North America	34.548	-98.285
W_S	4	Yokohama	14	Japan	Asia	35.45	139.65
W_S	76	Aravaca	N/A	Spain	Europe	40.45	-3.78
W_S	3	Sanjosedelcabo	N/A	Mexico	North America	23.05	-109.68
H_N/A	0	Piscataway	NJ	United States	North America	40.5397	-74.4664
